Team Name;Player Name;Price
ARCORE FC;Audero;1
ARCORE FC;Falcone;1
ARCORE FC;Okoye;1
ARCORE FC;Cuadrado;2
ARCORE FC;Di Lorenzo;55
ARCORE FC;Akanji;7
ARCORE FC;N'Dicka;15
ARCORE FC;Cambiaso;71
ARCORE FC;De Winter;6
ARCORE FC;Ostigard;4
ARCORE FC;Bisseck;5
ARCORE FC;Cataldi;3
ARCORE FC;Orsolini;110
ARCORE FC;Thorsby;1
ARCORE FC;McTominay;115
ARCORE FC;Tramoni M.;9
ARCORE FC;Konè M.;45
ARCORE FC;Zaragoza;5
ARCORE FC;Sucic P.;1
ARCORE FC;Sanabria;1
ARCORE FC;Pedro;1
ARCORE FC;Esposito Se.;47
ARCORE FC;Thuram;322
ARCORE FC;Colombo;30
ARCORE FC;Bonny;46
FC San Marco Evangelista;Terracciano;1
FC San Marco Evangelista;Maignan;85
FC San Marco Evangelista;Suzuki;1
FC San Marco Evangelista;Buongiorno;45
FC San Marco Evangelista;Ranieri L.;9
FC San Marco Evangelista;Kalulu;27
FC San Marco Evangelista;Gila;20
FC San Marco Evangelista;Circati;1
FC San Marco Evangelista;Delprato;21
FC San Marco Evangelista;Norton-Cuffy;1
FC San Marco Evangelista;Palestra;1
FC San Marco Evangelista;Barella;64
FC San Marco Evangelista;Odgaard;50
FC San Marco Evangelista;Saelemaekers;1
FC San Marco Evangelista;Brescianini;3
FC San Marco Evangelista;Miretti;1
FC San Marco Evangelista;Iling Junior;1
FC San Marco Evangelista;Dele-Bashiru;8
FC San Marco Evangelista;Paz N.;100
FC San Marco Evangelista;Boga;1
FC San Marco Evangelista;Cancellieri;1
FC San Marco Evangelista;De Ketelaere;90
FC San Marco Evangelista;Ferguson E.;157
FC San Marco Evangelista;Yildiz;203
FC San Marco Evangelista;Pellegrino M.;16
FC bianchi;Meret;91
FC bianchi;Milinkovic-Savic V.;20
FC bianchi;Contini;1
FC bianchi;Romagnoli;5
FC bianchi;Diego Carlos;1
FC bianchi;Mina;11
FC bianchi;Vasquez;3
FC bianchi;Scalvini;3
FC bianchi;Baschirotto;3
FC bianchi;Dodò;35
FC bianchi;Comuzzo;7
FC bianchi;Mkhitaryan;17
FC bianchi;Sottil;7
FC bianchi;Rovella;1
FC bianchi;Strefezza;6
FC bianchi;McKennie;80
FC bianchi;Thuram K.;81
FC bianchi;Harroui;1
FC bianchi;Isaksen;39
FC bianchi;Zapata D.;31
FC bianchi;Vardy;1
FC bianchi;Fullkrug;80
FC bianchi;Raspadori;72
FC bianchi;Leao;247
FC bianchi;Davis K.;1
Sinuoso;Di Gennaro;1
Sinuoso;Sommer;75
Sinuoso;Martinez Jo.;1
Sinuoso;Spinazzola;1
Sinuoso;Bastoni;56
Sinuoso;Caracciolo A.;1
Sinuoso;Mancini;26
Sinuoso;Darmian;2
Sinuoso;Holm;6
Sinuoso;Olivera;10
Sinuoso;Heggem;1
Sinuoso;De Roon;3
Sinuoso;Locatelli;1
Sinuoso;Calhanoglu;83
Sinuoso;Ricci S.;14
Sinuoso;Vlasic;27
Sinuoso;Thorstvedt;1
Sinuoso;Conceicao;90
Sinuoso;Vergara;73
Sinuoso;Martinez L.;367
Sinuoso;Nkunku;34
Sinuoso;Nzola;1
Sinuoso;Laurientè;50
Sinuoso;Douvikas;3
Sinuoso;Esposito F.P.;1
Makumba FC;Skorupski;1
Makumba FC;Perin;1
Makumba FC;Di Gregorio;91
Makumba FC;Dimarco;87
Makumba FC;Zappacosta;1
Makumba FC;Gabbia;1
Makumba FC;Tomori;1
Makumba FC;Bellanova;53
Makumba FC;Pavlovic;6
Makumba FC;Estupinan;1
Makumba FC;Bartesaghi;1
Makumba FC;Zielinski;1
Makumba FC;Politano;29
Makumba FC;Mandragora;1
Makumba FC;Pulisic;125
Makumba FC;Loftus-Cheek;6
Makumba FC;Fofana Y.;1
Makumba FC;Rowe;3
Makumba FC;Taylor K.;52
Makumba FC;Pinamonti;30
Makumba FC;Kean;350
Makumba FC;Piccoli;1
Makumba FC;Orban G.;13
Makumba FC;Adams C.;1
Makumba FC;Rodriguez Je.;5
Nhamass dstrunz;Sportiello;1
Nhamass dstrunz;Carnesecchi;50
Nhamass dstrunz;Bijlow;1
Nhamass dstrunz;Rrahmani;30
Nhamass dstrunz;Celik;1
Nhamass dstrunz;Kossounou;9
Nhamass dstrunz;Tavares N.;61
Nhamass dstrunz;Kelly L.;1
Nhamass dstrunz;Valle;1
Nhamass dstrunz;Ramon;3
Nhamass dstrunz;Kempf;6
Nhamass dstrunz;Zaccagni;150
Nhamass dstrunz;Pasalic;1
Nhamass dstrunz;Malinovskyi;22
Nhamass dstrunz;Da Cunha;1
Nhamass dstrunz;Perrone;31
Nhamass dstrunz;Ekkelenkamp;10
Nhamass dstrunz;Konè I.;1
Nhamass dstrunz;Tourè I.;1
Nhamass dstrunz;Dybala;37
Nhamass dstrunz;Berardi;109
Nhamass dstrunz;Scamacca;95
Nhamass dstrunz;Soulè;79
Nhamass dstrunz;Krstovic;100
Nhamass dstrunz;Kilicsoy;1
Reazione di Mallard;Provedel;3
Reazione di Mallard;Caprile;49
Reazione di Mallard;Butez;11
Reazione di Mallard;Gosens;48
Reazione di Mallard;Martin;1
Reazione di Mallard;Doig;5
Reazione di Mallard;Lucumì;15
Reazione di Mallard;Hien;28
Reazione di Mallard;Coco;1
Reazione di Mallard;Solet;14
Reazione di Mallard;Wesley;30
Reazione di Mallard;Cristante;1
Reazione di Mallard;Rabiot;34
Reazione di Mallard;Matic;1
Reazione di Mallard;Zaniolo;12
Reazione di Mallard;Ederson D.S.;90
Reazione di Mallard;Gudmundsson A.;99
Reazione di Mallard;Atta;1
Reazione di Mallard;Baturina;16
Reazione di Mallard;Simeone;49
Reazione di Mallard;Lukaku;32
Reazione di Mallard;David;295
Reazione di Mallard;Vitinha O.;1
Reazione di Mallard;Solomon;47
Reazione di Mallard;Durosinmi;1
Vietato Sognare FC;Gollini;1
Vietato Sognare FC;Muric;1
Vietato Sognare FC;Svilar;75
Vietato Sognare FC;Bremer;1
Vietato Sognare FC;Zortea;36
Vietato Sognare FC;Maripan;1
Vietato Sognare FC;Dumfries;91
Vietato Sognare FC;Valeri;16
Vietato Sognare FC;Carlos Augusto;11
Vietato Sognare FC;Kristensen T.;21
Vietato Sognare FC;Muharemovic;4
Vietato Sognare FC;Pellegrini Lo.;22
Vietato Sognare FC;Modric;52
Vietato Sognare FC;Zambo Anguissa;53
Vietato Sognare FC;Maldini;14
Vietato Sognare FC;Zalewski;5
Vietato Sognare FC;Casadei;3
Vietato Sognare FC;Bernabè;16
Vietato Sognare FC;Santos A.;1
Vietato Sognare FC;Bonazzoli;1
Vietato Sognare FC;Moreo;1
Vietato Sognare FC;Malen;190
Vietato Sognare FC;Hojlund;82
Vietato Sognare FC;Castro S.;27
Vietato Sognare FC;Ratkov;48